{
  "run": [
    {
      "filePath": "/nw.epm.refapps.ext.po.apv/webapp/test/testFLPService.html",
      "previewMode": 1,
      "dataMode": 1,
      "workspace": "withoutWorkspace",
      "ui5ActiveVersion": null,
      "ui5VerSource": null,
      "isDefaultVersion": 0,
      "urlParameters": [],
      "hashParameter": "",
      "backendSystem": [
        {
          "source": "RefAppsBackend",
          "destinations": "RefAppsBackend"
        }
      ],
      "_metadata": {
        "runnerId": "webapprunner",
        "id": 1402047,
        "displayName": "New Web Application 8"
      }
    },
    {
      "filePath": "/nw.epm.refapps.ext.po.apv/webapp/test.html",
      "previewMode": 1,
      "dataMode": 1,
      "workspace": "withoutWorkspace",
      "ui5ActiveVersion": null,
      "ui5VerSource": null,
      "isDefaultVersion": 0,
      "urlParameters": [],
      "hashParameter": "",
      "backendSystem": [
        {
          "source": "RefAppsBackend",
          "destinations": "RefAppsBackend"
        }
      ],
      "_metadata": {
        "runnerId": "webapprunner",
        "id": 9539184,
        "displayName": "New Web Application 7"
      }
    },
    {
      "filePath": "/nw.epm.refapps.ext.po.apv/webapp/test/testFLP.html",
      "previewMode": 1,
      "dataMode": 1,
      "workspace": "withoutWorkspace",
      "ui5ActiveVersion": null,
      "ui5VerSource": null,
      "isDefaultVersion": 0,
      "urlParameters": [],
      "hashParameter": "",
      "backendSystem": [
        {
          "source": "RefAppsBackend",
          "destinations": "RefAppsBackend"
        }
      ],
      "_metadata": {
        "runnerId": "webapprunner",
        "id": 7754214,
        "displayName": "New Web Application 9"
      }
    }
  ]
}